CustomerID,AccountBalance,LastLogin,Name,Age,Address
1001,9507.27206,01-01-2022,Customer 1001,54,Address 1001
1002,7408.704536,02-01-2022,Customer 1002,35,Address 1002
1003,1715.321989,03-01-2022,Customer 1003,40,Address 1003
1004,3101.509134,04-01-2022,Customer 1004,30,Address 1004
1005,5405.766914,05-01-2022,Customer 1005,46,Address 1005
1006,9347.967162,06-01-2022,Customer 1006,59,Address 1006
1007,2957.760054,07-01-2022,Customer 1007,33,Address 1007
1008,8303.773585,08-01-2022,Customer 1008,21,Address 1008
1009,5359.74781,09-01-2022,Customer 1009,32,Address 1009
1010,9506.882689,10-01-2022,Customer 1010,26,Address 1010
1011,1895.705903,11-01-2022,Customer 1011,57,Address 1011
1012,2706.148888,12-01-2022,Customer 1012,45,Address 1012
1013,8646.50725,13-01-2022,Customer 1013,21,Address 1013
1014,9922.291973,14-01-2022,Customer 1014,27,Address 1014
1015,3146.248188,15-01-2022,Customer 1015,59,Address 1015
1016,8612.857297,16-01-2022,Customer 1016,22,Address 1016
1017,5179.000965,17-01-2022,Customer 1017,21,Address 1017
1018,2727.830525,18-01-2022,Customer 1018,28,Address 1018
1019,3797.734536,19-01-2022,Customer 1019,37,Address 1019
1020,3552.855147,20-01-2022,Customer 1020,55,Address 1020
1021,8552.672867,21-01-2022,Customer 1021,48,Address 1021
1022,4265.273573,22-01-2022,Customer 1022,55,Address 1022
1023,9545.474869,23-01-2022,Customer 1023,34,Address 1023
1024,1795.328227,24-01-2022,Customer 1024,40,Address 1024
1025,4450.39007,25-01-2022,Customer 1025,18,Address 1025
1026,8091.736702,26-01-2022,Customer 1026,58,Address 1026
1027,9527.947107,27-01-2022,Customer 1027,46,Address 1027
1028,2222.141466,28-01-2022,Customer 1028,29,Address 1028
1029,8467.122623,29-01-2022,Customer 1029,37,Address 1029
1030,3767.557888,30-01-2022,Customer 1030,54,Address 1030
1031,9499.505792,31-01-2022,Customer 1031,29,Address 1031
1032,6532.62157,01-02-2022,Customer 1032,25,Address 1032
1033,2042.692352,02-02-2022,Customer 1033,50,Address 1033
1034,8385.432378,03-02-2022,Customer 1034,50,Address 1034
1035,3495.247295,04-02-2022,Customer 1035,27,Address 1035
1036,9381.145219,05-02-2022,Customer 1036,37,Address 1036
1037,9519.477122,06-02-2022,Customer 1037,61,Address 1037
1038,5402.92085,07-02-2022,Customer 1038,62,Address 1038
1039,6851.673712,08-02-2022,Customer 1039,56,Address 1039
1040,3347.624198,09-02-2022,Customer 1040,55,Address 1040
1041,1971.325886,10-02-2022,Customer 1041,60,Address 1041
1042,2900.488527,11-02-2022,Customer 1042,29,Address 1042
1043,8236.476448,12-02-2022,Customer 1043,25,Address 1043
1044,5084.274001,13-02-2022,Customer 1044,22,Address 1044
1045,5168.955419,14-02-2022,Customer 1045,58,Address 1045
1046,7651.060476,15-02-2022,Customer 1046,45,Address 1046
1047,4050.554489,16-02-2022,Customer 1047,57,Address 1047
1048,8077.878412,17-02-2022,Customer 1048,49,Address 1048
1049,7144.298708,18-02-2022,Customer 1049,30,Address 1049
1050,7921.752971,19-02-2022,Customer 1050,57,Address 1050
1051,4620.924284,20-02-2022,Customer 1051,30,Address 1051
1052,7224.63212,21-02-2022,Customer 1052,38,Address 1052
1053,8044.236478,22-02-2022,Customer 1053,22,Address 1053
1054,2873.839987,23-02-2022,Customer 1054,27,Address 1054
1055,1611.538315,24-02-2022,Customer 1055,24,Address 1055
1056,3507.492645,25-02-2022,Customer 1056,46,Address 1056
1057,6531.558064,26-02-2022,Customer 1057,21,Address 1057
1058,5923.741951,27-02-2022,Customer 1058,50,Address 1058
1059,4450.429069,28-02-2022,Customer 1059,42,Address 1059
1060,9121.230251,01-03-2022,Customer 1060,38,Address 1060
1061,6426.531932,02-03-2022,Customer 1061,44,Address 1061
1062,8955.19541,03-03-2022,Customer 1062,39,Address 1062
1063,3450.672683,04-03-2022,Customer 1063,24,Address 1063
1064,5600.230743,05-03-2022,Customer 1064,63,Address 1064
1065,6947.934262,06-03-2022,Customer 1065,35,Address 1065
1066,8979.728844,07-03-2022,Customer 1066,64,Address 1066
1067,1555.740254,08-03-2022,Customer 1067,36,Address 1067
1068,8486.941996,09-03-2022,Customer 1068,51,Address 1068
1069,8363.065543,10-03-2022,Customer 1069,38,Address 1069
1070,5227.93634,11-03-2022,Customer 1070,61,Address 1070
1071,4962.283527,12-03-2022,Customer 1071,64,Address 1071
1072,3239.35286,13-03-2022,Customer 1072,21,Address 1072
1073,2392.922412,14-03-2022,Customer 1073,56,Address 1073
1074,8877.682363,15-03-2022,Customer 1074,57,Address 1074
1075,3984.606257,16-03-2022,Customer 1075,34,Address 1075
1076,4979.300335,17-03-2022,Customer 1076,46,Address 1076
1077,7580.464855,18-03-2022,Customer 1077,38,Address 1077
1078,1689.971098,19-03-2022,Customer 1078,32,Address 1078
1079,7476.505448,20-03-2022,Customer 1079,19,Address 1079
1080,2751.989892,21-03-2022,Customer 1080,54,Address 1080
1081,8895.22584,22-03-2022,Customer 1081,53,Address 1081
1082,9219.907698,23-03-2022,Customer 1082,51,Address 1082
1083,3012.905946,24-03-2022,Customer 1083,29,Address 1083
1084,2169.425935,25-03-2022,Customer 1084,60,Address 1084
1085,6148.870554,26-03-2022,Customer 1085,35,Address 1085
1086,4190.332237,27-03-2022,Customer 1086,63,Address 1086
1087,2934.809838,28-03-2022,Customer 1087,28,Address 1087
1088,1511.707946,29-03-2022,Customer 1088,38,Address 1088
1089,6121.739351,30-03-2022,Customer 1089,50,Address 1089
1090,8109.977178,31-03-2022,Customer 1090,26,Address 1090
1091,1736.468439,01-04-2022,Customer 1091,58,Address 1091
1092,8339.131792,02-04-2022,Customer 1092,19,Address 1092
1093,2544.187906,03-04-2022,Customer 1093,30,Address 1093
1094,4974.254753,04-04-2022,Customer 1094,32,Address 1094
1095,8403.773667,05-04-2022,Customer 1095,27,Address 1095
1096,6439.742318,06-04-2022,Customer 1096,57,Address 1096
1097,2403.160639,07-04-2022,Customer 1097,47,Address 1097
1098,6405.360524,08-04-2022,Customer 1098,61,Address 1098
1099,1025.246138,09-04-2022,Customer 1099,59,Address 1099
1100,2924.235911,10-04-2022,Customer 1100,62,Address 1100
1101,3526.189965,11-04-2022,Customer 1101,33,Address 1101
1102,7398.457249,12-04-2022,Customer 1102,28,Address 1102
1103,2465.964878,13-04-2022,Customer 1103,41,Address 1103
1104,1693.073846,14-04-2022,Customer 1104,52,Address 1104
1105,7588.282626,15-04-2022,Customer 1105,37,Address 1105
1106,9284.409572,16-04-2022,Customer 1106,56,Address 1106
1107,6166.294346,17-04-2022,Customer 1107,60,Address 1107
1108,7794.946322,18-04-2022,Customer 1108,33,Address 1108
1109,8085.065245,19-04-2022,Customer 1109,63,Address 1109
1110,3439.425335,20-04-2022,Customer 1110,54,Address 1110
1111,7980.849544,21-04-2022,Customer 1111,32,Address 1111
1112,9784.736554,22-04-2022,Customer 1112,57,Address 1112
1113,7923.737896,23-04-2022,Customer 1113,25,Address 1113
1114,5370.037439,24-04-2022,Customer 1114,40,Address 1114
1115,5062.450856,25-04-2022,Customer 1115,59,Address 1115
1116,3038.909607,26-04-2022,Customer 1116,22,Address 1116
1117,7288.036638,27-04-2022,Customer 1117,52,Address 1117
1118,7479.222647,28-04-2022,Customer 1118,46,Address 1118
1119,6254.404271,29-04-2022,Customer 1119,61,Address 1119
1120,7450.419004,30-04-2022,Customer 1120,47,Address 1120
1121,4584.987688,01-05-2022,Customer 1121,23,Address 1121
1122,4998.111233,02-05-2022,Customer 1122,54,Address 1122
1123,7347.086687,03-05-2022,Customer 1123,34,Address 1123
1124,6746.98879,04-05-2022,Customer 1124,45,Address 1124
1125,8801.922036,05-05-2022,Customer 1125,58,Address 1125
1126,7080.103439,06-05-2022,Customer 1126,27,Address 1126
1127,4843.290416,07-05-2022,Customer 1127,39,Address 1127
1128,7899.461183,08-05-2022,Customer 1128,21,Address 1128
1129,4396.076926,09-05-2022,Customer 1129,39,Address 1129
1130,7297.779331,10-05-2022,Customer 1130,22,Address 1130
1131,6496.108704,11-05-2022,Customer 1131,41,Address 1131
1132,4552.105269,12-05-2022,Customer 1132,47,Address 1132
1133,1148.279335,13-05-2022,Customer 1133,58,Address 1133
1134,2391.96747,14-05-2022,Customer 1134,42,Address 1134
1135,7871.385911,15-05-2022,Customer 1135,49,Address 1135
1136,7321.062182,16-05-2022,Customer 1136,29,Address 1136
1137,4843.333769,17-05-2022,Customer 1137,52,Address 1137
1138,5038.910017,18-05-2022,Customer 1138,63,Address 1138
1139,3039.514205,19-05-2022,Customer 1139,21,Address 1139
1140,2241.450858,20-05-2022,Customer 1140,28,Address 1140
1141,4082.516866,21-05-2022,Customer 1141,28,Address 1141
1142,3789.361177,22-05-2022,Customer 1142,57,Address 1142
1143,3367.924924,23-05-2022,Customer 1143,58,Address 1143
1144,8451.465531,24-05-2022,Customer 1144,40,Address 1144
1145,9855.674628,25-05-2022,Customer 1145,56,Address 1145
1146,4750.725055,26-05-2022,Customer 1146,23,Address 1146
1147,6232.21166,27-05-2022,Customer 1147,59,Address 1147
1148,3214.341695,28-05-2022,Customer 1148,63,Address 1148
1149,7990.33562,29-05-2022,Customer 1149,34,Address 1149
1150,7476.98918,30-05-2022,Customer 1150,52,Address 1150
1151,5259.04472,31-05-2022,Customer 1151,31,Address 1151
1152,7273.982376,01-06-2022,Customer 1152,55,Address 1152
1153,7795.585807,02-06-2022,Customer 1153,26,Address 1153
1154,5544.569289,03-06-2022,Customer 1154,48,Address 1154
1155,4698.084284,04-06-2022,Customer 1155,61,Address 1155
1156,4788.53768,05-06-2022,Customer 1156,58,Address 1156
1157,8479.723197,06-06-2022,Customer 1157,60,Address 1157
1158,5037.207239,07-06-2022,Customer 1158,50,Address 1158
1159,5766.570781,08-06-2022,Customer 1159,54,Address 1159
1160,2683.909127,09-06-2022,Customer 1160,38,Address 1160
1161,7545.026043,10-06-2022,Customer 1161,55,Address 1161
1162,8055.304692,11-06-2022,Customer 1162,38,Address 1162
1163,7524.885685,12-06-2022,Customer 1163,27,Address 1163
1164,9572.740147,13-06-2022,Customer 1164,26,Address 1164
1165,4115.718544,14-06-2022,Customer 1165,48,Address 1165
1166,4822.247822,15-06-2022,Customer 1166,23,Address 1166
1167,4121.316625,16-06-2022,Customer 1167,33,Address 1167
1168,3560.170993,17-06-2022,Customer 1168,42,Address 1168
1169,4020.714312,18-06-2022,Customer 1169,30,Address 1169
1170,5496.768618,19-06-2022,Customer 1170,32,Address 1170
1171,4631.532992,20-06-2022,Customer 1171,22,Address 1171
1172,3476.682579,21-06-2022,Customer 1172,26,Address 1172
1173,8586.017794,22-06-2022,Customer 1173,35,Address 1173
1174,9301.241151,23-06-2022,Customer 1174,27,Address 1174
1175,5113.282347,24-06-2022,Customer 1175,26,Address 1175
1176,5493.960539,25-06-2022,Customer 1176,20,Address 1176
1177,2146.026721,26-06-2022,Customer 1177,50,Address 1177
1178,9240.37553,27-06-2022,Customer 1178,38,Address 1178
1179,7659.815418,28-06-2022,Customer 1179,31,Address 1179
1180,8645.383186,29-06-2022,Customer 1180,59,Address 1180
1181,2318.416569,30-06-2022,Customer 1181,40,Address 1181
1182,2636.680234,01-07-2022,Customer 1182,30,Address 1182
1183,7149.964405,02-07-2022,Customer 1183,40,Address 1183
1184,4430.055011,03-07-2022,Customer 1184,29,Address 1184
1185,2287.668015,04-07-2022,Customer 1185,45,Address 1185
1186,3524.961542,05-07-2022,Customer 1186,45,Address 1186
1187,4845.969184,06-07-2022,Customer 1187,46,Address 1187
1188,7478.912108,07-07-2022,Customer 1188,23,Address 1188
1189,1056.301181,08-07-2022,Customer 1189,49,Address 1189
1190,8351.891277,09-07-2022,Customer 1190,24,Address 1190
1191,5413.974091,10-07-2022,Customer 1191,60,Address 1191
1192,3749.482165,11-07-2022,Customer 1192,52,Address 1192
1193,6666.855463,12-07-2022,Customer 1193,51,Address 1193
1194,7405.683379,13-07-2022,Customer 1194,40,Address 1194
1195,6831.410409,14-07-2022,Customer 1195,64,Address 1195
1196,3078.340967,15-07-2022,Customer 1196,22,Address 1196
1197,3525.504348,16-07-2022,Customer 1197,18,Address 1197
1198,7777.442049,17-07-2022,Customer 1198,62,Address 1198
1199,5098.858759,18-07-2022,Customer 1199,45,Address 1199
1200,4555.71189,19-07-2022,Customer 1200,46,Address 1200
1201,6298.296096,20-07-2022,Customer 1201,29,Address 1201
1202,3143.931406,21-07-2022,Customer 1202,52,Address 1202
1203,2933.464751,22-07-2022,Customer 1203,38,Address 1203
1204,3152.247787,23-07-2022,Customer 1204,45,Address 1204
1205,5707.424545,24-07-2022,Customer 1205,37,Address 1205
1206,5221.598359,25-07-2022,Customer 1206,25,Address 1206
1207,5655.630626,26-07-2022,Customer 1207,38,Address 1207
1208,8321.692176,27-07-2022,Customer 1208,64,Address 1208
1209,7570.837453,28-07-2022,Customer 1209,45,Address 1209
1210,9316.953576,29-07-2022,Customer 1210,39,Address 1210
1211,7039.438646,30-07-2022,Customer 1211,27,Address 1211
1212,9974.701765,31-07-2022,Customer 1212,55,Address 1212
1213,2478.834299,01-08-2022,Customer 1213,23,Address 1213
1214,6807.184598,02-08-2022,Customer 1214,42,Address 1214
1215,1163.193659,03-08-2022,Customer 1215,53,Address 1215
1216,4741.192769,04-08-2022,Customer 1216,26,Address 1216
1217,2689.511984,05-08-2022,Customer 1217,48,Address 1217
1218,8922.535957,06-08-2022,Customer 1218,63,Address 1218
1219,7649.649301,07-08-2022,Customer 1219,23,Address 1219
1220,3916.688995,08-08-2022,Customer 1220,50,Address 1220
1221,6722.285664,09-08-2022,Customer 1221,37,Address 1221
1222,3451.034177,10-08-2022,Customer 1222,61,Address 1222
1223,8213.344891,11-08-2022,Customer 1223,20,Address 1223
1224,6487.078314,12-08-2022,Customer 1224,42,Address 1224
1225,2351.049693,13-08-2022,Customer 1225,51,Address 1225
1226,1235.85366,14-08-2022,Customer 1226,54,Address 1226
1227,6764.941455,15-08-2022,Customer 1227,35,Address 1227
1228,9343.248065,16-08-2022,Customer 1228,59,Address 1228
1229,7030.677982,17-08-2022,Customer 1229,18,Address 1229
1230,8998.835909,18-08-2022,Customer 1230,29,Address 1230
1231,1631.060796,19-08-2022,Customer 1231,63,Address 1231
1232,8793.538025,20-08-2022,Customer 1232,18,Address 1232
1233,8198.178339,21-08-2022,Customer 1233,28,Address 1233
1234,6737.496078,22-08-2022,Customer 1234,18,Address 1234
1235,8688.50594,23-08-2022,Customer 1235,64,Address 1235
1236,3019.847969,24-08-2022,Customer 1236,42,Address 1236
1237,5160.483332,25-08-2022,Customer 1237,32,Address 1237
1238,8228.897853,26-08-2022,Customer 1238,38,Address 1238
1239,8704.182255,27-08-2022,Customer 1239,40,Address 1239
1240,1883.486735,28-08-2022,Customer 1240,43,Address 1240
1241,4328.615684,29-08-2022,Customer 1241,18,Address 1241
1242,5765.640647,30-08-2022,Customer 1242,32,Address 1242
1243,3963.240754,31-08-2022,Customer 1243,44,Address 1243
1244,8723.861427,01-09-2022,Customer 1244,46,Address 1244
1245,5446.396917,02-09-2022,Customer 1245,23,Address 1245
1246,5875.165206,03-09-2022,Customer 1246,34,Address 1246
1247,1616.679427,04-09-2022,Customer 1247,20,Address 1247
1248,1227.43808,05-09-2022,Customer 1248,29,Address 1248
1249,5944.205812,06-09-2022,Customer 1249,26,Address 1249
1250,3882.14866,07-09-2022,Customer 1250,59,Address 1250
1251,1820.938586,08-09-2022,Customer 1251,34,Address 1251
1252,9182.873876,09-09-2022,Customer 1252,53,Address 1252
1253,5185.762082,10-09-2022,Customer 1253,62,Address 1253
1254,9511.167077,11-09-2022,Customer 1254,31,Address 1254
1255,5672.324719,12-09-2022,Customer 1255,32,Address 1255
1256,3655.459641,13-09-2022,Customer 1256,42,Address 1256
1257,9886.83011,14-09-2022,Customer 1257,21,Address 1257
1258,6394.780579,15-09-2022,Customer 1258,28,Address 1258
1259,1633.967936,16-09-2022,Customer 1259,40,Address 1259
1260,4878.415267,17-09-2022,Customer 1260,64,Address 1260
1261,3304.043864,18-09-2022,Customer 1261,52,Address 1261
1262,6439.676561,19-09-2022,Customer 1262,64,Address 1262
1263,3583.382688,20-09-2022,Customer 1263,21,Address 1263
1264,6025.002661,21-09-2022,Customer 1264,23,Address 1264
1265,7502.562161,22-09-2022,Customer 1265,47,Address 1265
1266,1773.808506,23-09-2022,Customer 1266,50,Address 1266
1267,1771.545378,24-09-2022,Customer 1267,60,Address 1267
1268,5840.971695,25-09-2022,Customer 1268,40,Address 1268
1269,9261.10997,26-09-2022,Customer 1269,34,Address 1269
1270,1937.655611,27-09-2022,Customer 1270,23,Address 1270
1271,9084.791659,28-09-2022,Customer 1271,23,Address 1271
1272,5815.458024,29-09-2022,Customer 1272,48,Address 1272
1273,7120.616916,30-09-2022,Customer 1273,61,Address 1273
1274,4380.737244,01-10-2022,Customer 1274,27,Address 1274
1275,7853.487314,02-10-2022,Customer 1275,23,Address 1275
1276,4961.926429,03-10-2022,Customer 1276,31,Address 1276
1277,5042.199848,04-10-2022,Customer 1277,22,Address 1277
1278,8817.076405,05-10-2022,Customer 1278,40,Address 1278
1279,7156.87092,06-10-2022,Customer 1279,37,Address 1279
1280,8295.281558,07-10-2022,Customer 1280,60,Address 1280
1281,3183.466494,08-10-2022,Customer 1281,33,Address 1281
1282,7308.697302,09-10-2022,Customer 1282,39,Address 1282
1283,9408.482074,10-10-2022,Customer 1283,63,Address 1283
1284,8776.832282,11-10-2022,Customer 1284,39,Address 1284
1285,6040.584197,12-10-2022,Customer 1285,47,Address 1285
1286,7665.93245,13-10-2022,Customer 1286,19,Address 1286
1287,9561.5106,14-10-2022,Customer 1287,34,Address 1287
1288,8285.627884,15-10-2022,Customer 1288,46,Address 1288
1289,9393.910943,16-10-2022,Customer 1289,31,Address 1289
1290,6981.018223,17-10-2022,Customer 1290,37,Address 1290
1291,8103.607241,18-10-2022,Customer 1291,47,Address 1291
1292,5713.487344,19-10-2022,Customer 1292,33,Address 1292
1293,3955.560716,20-10-2022,Customer 1293,51,Address 1293
1294,8869.154897,21-10-2022,Customer 1294,61,Address 1294
1295,5483.470359,22-10-2022,Customer 1295,60,Address 1295
1296,1364.637918,23-10-2022,Customer 1296,28,Address 1296
1297,1825.429583,24-10-2022,Customer 1297,22,Address 1297
1298,8075.836473,25-10-2022,Customer 1298,40,Address 1298
1299,4661.555926,26-10-2022,Customer 1299,31,Address 1299
1300,2446.898958,27-10-2022,Customer 1300,40,Address 1300
1301,3616.838329,28-10-2022,Customer 1301,36,Address 1301
1302,2670.113015,29-10-2022,Customer 1302,54,Address 1302
1303,6650.956372,30-10-2022,Customer 1303,35,Address 1303
1304,9631.517578,31-10-2022,Customer 1304,62,Address 1304
1305,4624.660779,01-11-2022,Customer 1305,23,Address 1305
1306,6703.58961,02-11-2022,Customer 1306,41,Address 1306
1307,8449.539576,03-11-2022,Customer 1307,31,Address 1307
1308,7152.198571,04-11-2022,Customer 1308,21,Address 1308
1309,6507.01784,05-11-2022,Customer 1309,39,Address 1309
1310,3339.520734,06-11-2022,Customer 1310,43,Address 1310
1311,9253.478917,07-11-2022,Customer 1311,25,Address 1311
1312,6018.443647,08-11-2022,Customer 1312,26,Address 1312
1313,1147.714121,09-11-2022,Customer 1313,37,Address 1313
1314,2259.669631,10-11-2022,Customer 1314,29,Address 1314
1315,3432.046286,11-11-2022,Customer 1315,51,Address 1315
1316,1538.03304,12-11-2022,Customer 1316,41,Address 1316
1317,1892.670604,13-11-2022,Customer 1317,25,Address 1317
1318,3354.518349,14-11-2022,Customer 1318,61,Address 1318
1319,5564.493481,15-11-2022,Customer 1319,38,Address 1319
1320,4674.919671,16-11-2022,Customer 1320,48,Address 1320
1321,2685.942365,17-11-2022,Customer 1321,47,Address 1321
1322,9411.508717,18-11-2022,Customer 1322,29,Address 1322
1323,4057.250406,19-11-2022,Customer 1323,35,Address 1323
1324,4823.210396,20-11-2022,Customer 1324,58,Address 1324
1325,2973.351695,21-11-2022,Customer 1325,51,Address 1325
1326,8118.858454,22-11-2022,Customer 1326,58,Address 1326
1327,9003.576373,23-11-2022,Customer 1327,21,Address 1327
1328,4443.037377,24-11-2022,Customer 1328,62,Address 1328
1329,2502.321529,25-11-2022,Customer 1329,64,Address 1329
1330,8773.95694,26-11-2022,Customer 1330,63,Address 1330
1331,1236.219016,27-11-2022,Customer 1331,35,Address 1331
1332,9334.945166,28-11-2022,Customer 1332,25,Address 1332
1333,7966.000099,29-11-2022,Customer 1333,30,Address 1333
1334,4572.646873,30-11-2022,Customer 1334,41,Address 1334
1335,7820.488248,01-12-2022,Customer 1335,41,Address 1335
1336,9996.991525,02-12-2022,Customer 1336,42,Address 1336
1337,3742.585157,03-12-2022,Customer 1337,38,Address 1337
1338,8205.137272,04-12-2022,Customer 1338,19,Address 1338
1339,7374.113944,05-12-2022,Customer 1339,53,Address 1339
1340,7309.477444,06-12-2022,Customer 1340,43,Address 1340
1341,2757.68141,07-12-2022,Customer 1341,24,Address 1341
1342,7906.121942,08-12-2022,Customer 1342,21,Address 1342
1343,8272.536632,09-12-2022,Customer 1343,48,Address 1343
1344,2880.835274,10-12-2022,Customer 1344,50,Address 1344
1345,7264.807041,11-12-2022,Customer 1345,52,Address 1345
1346,5760.887631,12-12-2022,Customer 1346,36,Address 1346
1347,8935.007146,13-12-2022,Customer 1347,20,Address 1347
1348,1599.229032,14-12-2022,Customer 1348,41,Address 1348
1349,2342.113201,15-12-2022,Customer 1349,18,Address 1349
1350,3431.939718,16-12-2022,Customer 1350,49,Address 1350
1351,6685.598454,17-12-2022,Customer 1351,32,Address 1351
1352,8130.737893,18-12-2022,Customer 1352,20,Address 1352
1353,6465.012384,19-12-2022,Customer 1353,18,Address 1353
1354,3903.794554,20-12-2022,Customer 1354,45,Address 1354
1355,5852.604766,21-12-2022,Customer 1355,43,Address 1355
1356,7927.594272,22-12-2022,Customer 1356,44,Address 1356
1357,9999.776239,23-12-2022,Customer 1357,45,Address 1357
1358,7039.274836,24-12-2022,Customer 1358,51,Address 1358
1359,8430.986519,25-12-2022,Customer 1359,53,Address 1359
1360,6839.033502,26-12-2022,Customer 1360,55,Address 1360
1361,6002.296192,27-12-2022,Customer 1361,30,Address 1361
1362,3006.706547,28-12-2022,Customer 1362,23,Address 1362
1363,4358.913755,29-12-2022,Customer 1363,30,Address 1363
1364,1742.320538,30-12-2022,Customer 1364,47,Address 1364
1365,2249.683841,31-12-2022,Customer 1365,49,Address 1365
1366,3069.644637,01-01-2023,Customer 1366,45,Address 1366
1367,6381.958128,02-01-2023,Customer 1367,19,Address 1367
1368,8411.644416,03-01-2023,Customer 1368,19,Address 1368
1369,4345.583466,04-01-2023,Customer 1369,20,Address 1369
1370,1148.508193,05-01-2023,Customer 1370,36,Address 1370
1371,3962.394108,06-01-2023,Customer 1371,40,Address 1371
1372,7351.151569,07-01-2023,Customer 1372,38,Address 1372
1373,1762.529967,08-01-2023,Customer 1373,42,Address 1373
1374,2897.001044,09-01-2023,Customer 1374,47,Address 1374
1375,4545.985112,10-01-2023,Customer 1375,18,Address 1375
1376,5745.127919,11-01-2023,Customer 1376,53,Address 1376
1377,7515.210695,12-01-2023,Customer 1377,46,Address 1377
1378,7949.837119,13-01-2023,Customer 1378,45,Address 1378
1379,4094.405592,14-01-2023,Customer 1379,18,Address 1379
1380,1134.449081,15-01-2023,Customer 1380,28,Address 1380
1381,4206.19949,16-01-2023,Customer 1381,58,Address 1381
1382,2896.257873,17-01-2023,Customer 1382,40,Address 1382
1383,4959.893506,18-01-2023,Customer 1383,36,Address 1383
1384,4085.455325,19-01-2023,Customer 1384,19,Address 1384
1385,4335.814032,20-01-2023,Customer 1385,36,Address 1385
1386,4904.703903,21-01-2023,Customer 1386,25,Address 1386
1387,2137.201057,22-01-2023,Customer 1387,31,Address 1387
1388,1887.556854,23-01-2023,Customer 1388,49,Address 1388
1389,1815.834407,24-01-2023,Customer 1389,61,Address 1389
1390,5388.326807,25-01-2023,Customer 1390,47,Address 1390
1391,5001.198481,26-01-2023,Customer 1391,56,Address 1391
1392,4900.652704,27-01-2023,Customer 1392,37,Address 1392
1393,3238.184097,28-01-2023,Customer 1393,47,Address 1393
1394,1417.691111,29-01-2023,Customer 1394,31,Address 1394
1395,4381.287524,30-01-2023,Customer 1395,32,Address 1395
1396,6020.821959,31-01-2023,Customer 1396,18,Address 1396
1397,9060.932373,01-02-2023,Customer 1397,35,Address 1397
1398,1617.125777,02-02-2023,Customer 1398,55,Address 1398
1399,9447.729498,03-02-2023,Customer 1399,18,Address 1399
1400,8314.951074,04-02-2023,Customer 1400,60,Address 1400
1401,9089.242963,05-02-2023,Customer 1401,25,Address 1401
1402,5768.284279,06-02-2023,Customer 1402,58,Address 1402
1403,3680.405274,07-02-2023,Customer 1403,29,Address 1403
1404,2170.429256,08-02-2023,Customer 1404,39,Address 1404
1405,9246.516979,09-02-2023,Customer 1405,59,Address 1405
1406,6284.739666,10-02-2023,Customer 1406,56,Address 1406
1407,8827.782393,11-02-2023,Customer 1407,32,Address 1407
1408,1260.468403,12-02-2023,Customer 1408,27,Address 1408
1409,6615.496609,13-02-2023,Customer 1409,53,Address 1409
1410,2716.981163,14-02-2023,Customer 1410,25,Address 1410
1411,1290.323059,15-02-2023,Customer 1411,19,Address 1411
1412,2730.96017,16-02-2023,Customer 1412,19,Address 1412
1413,1279.671577,17-02-2023,Customer 1413,18,Address 1413
1414,2560.12038,18-02-2023,Customer 1414,18,Address 1414
1415,9258.312698,19-02-2023,Customer 1415,57,Address 1415
1416,9375.112085,20-02-2023,Customer 1416,21,Address 1416
1417,1735.145764,21-02-2023,Customer 1417,30,Address 1417
1418,5724.611458,22-02-2023,Customer 1418,19,Address 1418
1419,1069.843868,23-02-2023,Customer 1419,28,Address 1419
1420,3497.372393,24-02-2023,Customer 1420,42,Address 1420
1421,6341.743797,25-02-2023,Customer 1421,41,Address 1421
1422,6987.997844,26-02-2023,Customer 1422,32,Address 1422
1423,7025.452027,27-02-2023,Customer 1423,40,Address 1423
1424,4344.549864,28-02-2023,Customer 1424,37,Address 1424
1425,6441.933113,01-03-2023,Customer 1425,56,Address 1425
1426,8890.749352,02-03-2023,Customer 1426,39,Address 1426
1427,6728.011183,03-03-2023,Customer 1427,37,Address 1427
1428,1106.441844,04-03-2023,Customer 1428,47,Address 1428
1429,8687.343482,05-03-2023,Customer 1429,33,Address 1429
1430,9318.92957,06-03-2023,Customer 1430,24,Address 1430
1431,6654.859402,07-03-2023,Customer 1431,24,Address 1431
1432,5930.219714,08-03-2023,Customer 1432,36,Address 1432
1433,6991.289067,09-03-2023,Customer 1433,55,Address 1433
1434,1696.877884,10-03-2023,Customer 1434,19,Address 1434
1435,8804.517944,11-03-2023,Customer 1435,35,Address 1435
1436,1195.103162,12-03-2023,Customer 1436,37,Address 1436
1437,3712.16591,13-03-2023,Customer 1437,19,Address 1437
1438,1779.986718,14-03-2023,Customer 1438,53,Address 1438
1439,8557.608089,15-03-2023,Customer 1439,47,Address 1439
1440,3930.467975,16-03-2023,Customer 1440,23,Address 1440
1441,7268.82735,17-03-2023,Customer 1441,37,Address 1441
1442,9760.428571,18-03-2023,Customer 1442,54,Address 1442
1443,1844.6643,19-03-2023,Customer 1443,48,Address 1443
1444,8224.607063,20-03-2023,Customer 1444,30,Address 1444
1445,6309.555056,21-03-2023,Customer 1445,28,Address 1445
1446,4115.306189,22-03-2023,Customer 1446,62,Address 1446
1447,8340.09554,23-03-2023,Customer 1447,25,Address 1447
1448,2782.501829,24-03-2023,Customer 1448,25,Address 1448
1449,3495.32036,25-03-2023,Customer 1449,64,Address 1449
1450,5934.84381,26-03-2023,Customer 1450,50,Address 1450
1451,7428.180731,27-03-2023,Customer 1451,28,Address 1451
1452,8966.316422,28-03-2023,Customer 1452,38,Address 1452
1453,9010.790186,29-03-2023,Customer 1453,37,Address 1453
1454,8478.783502,30-03-2023,Customer 1454,33,Address 1454
1455,3227.699686,31-03-2023,Customer 1455,39,Address 1455
1456,1551.809941,01-04-2023,Customer 1456,47,Address 1456
1457,5282.725194,02-04-2023,Customer 1457,38,Address 1457
1458,8017.715824,03-04-2023,Customer 1458,35,Address 1458
1459,7225.472892,04-04-2023,Customer 1459,49,Address 1459
1460,5363.917913,05-04-2023,Customer 1460,29,Address 1460
1461,4313.373717,06-04-2023,Customer 1461,46,Address 1461
1462,9035.12333,07-04-2023,Customer 1462,30,Address 1462
1463,1847.326392,08-04-2023,Customer 1463,46,Address 1463
1464,6683.679293,09-04-2023,Customer 1464,45,Address 1464
1465,6210.750133,10-04-2023,Customer 1465,40,Address 1465
1466,2569.129234,11-04-2023,Customer 1466,41,Address 1466
1467,8164.972386,12-04-2023,Customer 1467,58,Address 1467
1468,2410.574677,13-04-2023,Customer 1468,45,Address 1468
1469,3017.781836,14-04-2023,Customer 1469,28,Address 1469
1470,5964.380701,15-04-2023,Customer 1470,26,Address 1470
1471,8020.368061,16-04-2023,Customer 1471,47,Address 1471
1472,1570.749599,17-04-2023,Customer 1472,32,Address 1472
1473,3026.374452,18-04-2023,Customer 1473,26,Address 1473
1474,8007.840813,19-04-2023,Customer 1474,37,Address 1474
1475,2805.311996,20-04-2023,Customer 1475,25,Address 1475
1476,4717.935215,21-04-2023,Customer 1476,50,Address 1476
1477,4219.355106,22-04-2023,Customer 1477,31,Address 1477
1478,5374.392426,23-04-2023,Customer 1478,36,Address 1478
1479,6915.090133,24-04-2023,Customer 1479,47,Address 1479
1480,7269.756044,25-04-2023,Customer 1480,26,Address 1480
1481,6390.773009,26-04-2023,Customer 1481,55,Address 1481
1482,2076.807796,27-04-2023,Customer 1482,26,Address 1482
1483,7541.198869,28-04-2023,Customer 1483,56,Address 1483
1484,8149.305816,29-04-2023,Customer 1484,21,Address 1484
1485,3282.142361,30-04-2023,Customer 1485,33,Address 1485
1486,2012.825424,01-05-2023,Customer 1486,43,Address 1486
1487,8466.092665,02-05-2023,Customer 1487,51,Address 1487
1488,6215.27275,03-05-2023,Customer 1488,31,Address 1488
1489,3961.327402,04-05-2023,Customer 1489,18,Address 1489
1490,9025.611519,05-05-2023,Customer 1490,56,Address 1490
1491,9329.305017,06-05-2023,Customer 1491,45,Address 1491
1492,2989.819267,07-05-2023,Customer 1492,46,Address 1492
1493,5703.04283,08-05-2023,Customer 1493,44,Address 1493
1494,9705.520291,09-05-2023,Customer 1494,41,Address 1494
1495,1236.384946,10-05-2023,Customer 1495,20,Address 1495
1496,8472.420333,11-05-2023,Customer 1496,34,Address 1496
1497,5271.417003,12-05-2023,Customer 1497,43,Address 1497
1498,8545.853639,13-05-2023,Customer 1498,24,Address 1498
1499,2344.558675,14-05-2023,Customer 1499,64,Address 1499
1500,4318.580359,15-05-2023,Customer 1500,19,Address 1500
1501,2342.87435,16-05-2023,Customer 1501,48,Address 1501
1502,9093.096802,17-05-2023,Customer 1502,60,Address 1502
1503,4370.431522,18-05-2023,Customer 1503,37,Address 1503
1504,1165.433335,19-05-2023,Customer 1504,64,Address 1504
1505,9012.48065,20-05-2023,Customer 1505,33,Address 1505
1506,5745.088291,21-05-2023,Customer 1506,22,Address 1506
1507,4994.358138,22-05-2023,Customer 1507,39,Address 1507
1508,8688.932315,23-05-2023,Customer 1508,30,Address 1508
1509,8962.991538,24-05-2023,Customer 1509,37,Address 1509
1510,7685.510723,25-05-2023,Customer 1510,53,Address 1510
1511,3104.942852,26-05-2023,Customer 1511,29,Address 1511
1512,7327.564,27-05-2023,Customer 1512,64,Address 1512
1513,6238.20632,28-05-2023,Customer 1513,47,Address 1513
1514,2045.057996,29-05-2023,Customer 1514,20,Address 1514
1515,7872.506549,30-05-2023,Customer 1515,37,Address 1515
1516,8658.737447,31-05-2023,Customer 1516,41,Address 1516
1517,2718.291533,01-06-2023,Customer 1517,63,Address 1517
1518,1512.263353,02-06-2023,Customer 1518,19,Address 1518
1519,9405.638537,03-06-2023,Customer 1519,38,Address 1519
1520,9476.348062,04-06-2023,Customer 1520,25,Address 1520
1521,8108.965746,05-06-2023,Customer 1521,27,Address 1521
1522,9555.647323,06-06-2023,Customer 1522,46,Address 1522
1523,2581.725349,07-06-2023,Customer 1523,57,Address 1523
1524,8996.054737,08-06-2023,Customer 1524,20,Address 1524
1525,2785.701616,09-06-2023,Customer 1525,26,Address 1525
1526,9426.367531,10-06-2023,Customer 1526,57,Address 1526
1527,3545.727576,11-06-2023,Customer 1527,59,Address 1527
1528,4034.139089,12-06-2023,Customer 1528,28,Address 1528
1529,1823.077331,13-06-2023,Customer 1529,20,Address 1529
1530,9391.394448,14-06-2023,Customer 1530,62,Address 1530
1531,3163.58835,15-06-2023,Customer 1531,29,Address 1531
1532,3744.641316,16-06-2023,Customer 1532,60,Address 1532
1533,8928.443453,17-06-2023,Customer 1533,48,Address 1533
1534,9042.70563,18-06-2023,Customer 1534,18,Address 1534
1535,8720.210863,19-06-2023,Customer 1535,53,Address 1535
1536,1195.616085,20-06-2023,Customer 1536,40,Address 1536
1537,1947.17342,21-06-2023,Customer 1537,37,Address 1537
1538,3447.117414,22-06-2023,Customer 1538,62,Address 1538
1539,5968.66638,23-06-2023,Customer 1539,25,Address 1539
1540,7984.455062,24-06-2023,Customer 1540,34,Address 1540
1541,2023.662905,25-06-2023,Customer 1541,30,Address 1541
1542,6808.655942,26-06-2023,Customer 1542,63,Address 1542
1543,1465.98446,27-06-2023,Customer 1543,58,Address 1543
1544,8546.33285,28-06-2023,Customer 1544,55,Address 1544
1545,5047.614806,29-06-2023,Customer 1545,47,Address 1545
1546,6282.241817,30-06-2023,Customer 1546,52,Address 1546
1547,6742.168051,01-07-2023,Customer 1547,31,Address 1547
1548,4483.1563,02-07-2023,Customer 1548,29,Address 1548
1549,4220.470749,03-07-2023,Customer 1549,60,Address 1549
1550,8891.601035,04-07-2023,Customer 1550,28,Address 1550
1551,2398.035019,05-07-2023,Customer 1551,58,Address 1551
1552,6332.966274,06-07-2023,Customer 1552,36,Address 1552
1553,5095.375076,07-07-2023,Customer 1553,37,Address 1553
1554,3982.350853,08-07-2023,Customer 1554,19,Address 1554
1555,1776.632987,09-07-2023,Customer 1555,45,Address 1555
1556,2262.489052,10-07-2023,Customer 1556,53,Address 1556
1557,7585.899378,11-07-2023,Customer 1557,62,Address 1557
1558,9927.157719,12-07-2023,Customer 1558,35,Address 1558
1559,4091.678054,13-07-2023,Customer 1559,22,Address 1559
1560,2065.457388,14-07-2023,Customer 1560,21,Address 1560
1561,8361.020819,15-07-2023,Customer 1561,58,Address 1561
1562,9938.922919,16-07-2023,Customer 1562,43,Address 1562
1563,7374.634445,17-07-2023,Customer 1563,29,Address 1563
1564,5237.459741,18-07-2023,Customer 1564,57,Address 1564
1565,8921.442888,19-07-2023,Customer 1565,33,Address 1565
1566,7067.831609,20-07-2023,Customer 1566,39,Address 1566
1567,5394.792111,21-07-2023,Customer 1567,35,Address 1567
1568,3281.337532,22-07-2023,Customer 1568,31,Address 1568
1569,6363.937936,23-07-2023,Customer 1569,31,Address 1569
1570,1117.747401,24-07-2023,Customer 1570,21,Address 1570
1571,9122.32624,25-07-2023,Customer 1571,24,Address 1571
1572,2067.485108,26-07-2023,Customer 1572,47,Address 1572
1573,8400.252361,27-07-2023,Customer 1573,35,Address 1573
1574,5541.197921,28-07-2023,Customer 1574,55,Address 1574
1575,7192.646432,29-07-2023,Customer 1575,21,Address 1575
1576,3920.435115,30-07-2023,Customer 1576,25,Address 1576
1577,3282.990205,31-07-2023,Customer 1577,30,Address 1577
1578,4571.53944,01-08-2023,Customer 1578,29,Address 1578
1579,2479.274894,02-08-2023,Customer 1579,41,Address 1579
1580,1786.247356,03-08-2023,Customer 1580,19,Address 1580
1581,8128.017215,04-08-2023,Customer 1581,41,Address 1581
1582,1782.714494,05-08-2023,Customer 1582,28,Address 1582
1583,5303.072004,06-08-2023,Customer 1583,49,Address 1583
1584,2565.261084,07-08-2023,Customer 1584,19,Address 1584
1585,7900.2424,08-08-2023,Customer 1585,37,Address 1585
1586,4726.937231,09-08-2023,Customer 1586,40,Address 1586
1587,8573.123086,10-08-2023,Customer 1587,41,Address 1587
1588,7925.082131,11-08-2023,Customer 1588,27,Address 1588
1589,1443.499609,12-08-2023,Customer 1589,49,Address 1589
1590,8572.913641,13-08-2023,Customer 1590,46,Address 1590
1591,7962.410275,14-08-2023,Customer 1591,36,Address 1591
1592,3760.16148,15-08-2023,Customer 1592,29,Address 1592
1593,4471.78734,16-08-2023,Customer 1593,47,Address 1593
1594,3912.733783,17-08-2023,Customer 1594,37,Address 1594
1595,1150.295949,18-08-2023,Customer 1595,53,Address 1595
1596,7604.035813,19-08-2023,Customer 1596,62,Address 1596
1597,7732.131278,20-08-2023,Customer 1597,33,Address 1597
1598,6550.062414,21-08-2023,Customer 1598,29,Address 1598
1599,8662.854279,22-08-2023,Customer 1599,18,Address 1599
1600,9402.340679,23-08-2023,Customer 1600,55,Address 1600
1601,6528.576797,24-08-2023,Customer 1601,63,Address 1601
1602,3812.531832,25-08-2023,Customer 1602,40,Address 1602
1603,5304.728962,26-08-2023,Customer 1603,62,Address 1603
1604,4470.138106,27-08-2023,Customer 1604,36,Address 1604
1605,4052.649997,28-08-2023,Customer 1605,22,Address 1605
1606,4152.721122,29-08-2023,Customer 1606,60,Address 1606
1607,4670.571557,30-08-2023,Customer 1607,37,Address 1607
1608,4084.721807,31-08-2023,Customer 1608,28,Address 1608
1609,7085.442721,01-09-2023,Customer 1609,29,Address 1609
1610,4122.163756,02-09-2023,Customer 1610,22,Address 1610
1611,3612.869038,03-09-2023,Customer 1611,21,Address 1611
1612,1437.942753,04-09-2023,Customer 1612,23,Address 1612
1613,8486.464783,05-09-2023,Customer 1613,21,Address 1613
1614,6209.240487,06-09-2023,Customer 1614,46,Address 1614
1615,9447.919781,07-09-2023,Customer 1615,28,Address 1615
1616,5058.355133,08-09-2023,Customer 1616,31,Address 1616
1617,4705.613781,09-09-2023,Customer 1617,47,Address 1617
1618,6741.429339,10-09-2023,Customer 1618,27,Address 1618
1619,1888.420116,11-09-2023,Customer 1619,62,Address 1619
1620,9530.277753,12-09-2023,Customer 1620,27,Address 1620
1621,5421.305995,13-09-2023,Customer 1621,37,Address 1621
1622,5611.751691,14-09-2023,Customer 1622,21,Address 1622
1623,2341.710682,15-09-2023,Customer 1623,34,Address 1623
1624,4741.807019,16-09-2023,Customer 1624,18,Address 1624
1625,8077.123546,17-09-2023,Customer 1625,41,Address 1625
1626,2802.599689,18-09-2023,Customer 1626,43,Address 1626
1627,6931.655325,19-09-2023,Customer 1627,49,Address 1627
1628,3392.42572,20-09-2023,Customer 1628,55,Address 1628
1629,2866.80121,21-09-2023,Customer 1629,33,Address 1629
1630,2420.838315,22-09-2023,Customer 1630,42,Address 1630
1631,6453.022256,23-09-2023,Customer 1631,57,Address 1631
1632,6730.213341,24-09-2023,Customer 1632,46,Address 1632
1633,8628.600527,25-09-2023,Customer 1633,39,Address 1633
1634,5302.392311,26-09-2023,Customer 1634,44,Address 1634
1635,2734.344388,27-09-2023,Customer 1635,21,Address 1635
1636,8318.303483,28-09-2023,Customer 1636,46,Address 1636
1637,4351.676293,29-09-2023,Customer 1637,59,Address 1637
1638,5995.213488,30-09-2023,Customer 1638,41,Address 1638
1639,6463.307957,01-10-2023,Customer 1639,54,Address 1639
1640,2452.936061,02-10-2023,Customer 1640,50,Address 1640
1641,9158.646683,03-10-2023,Customer 1641,45,Address 1641
1642,1901.510208,04-10-2023,Customer 1642,38,Address 1642
1643,7833.796203,05-10-2023,Customer 1643,52,Address 1643
1644,3307.317156,06-10-2023,Customer 1644,51,Address 1644
1645,2989.523514,07-10-2023,Customer 1645,60,Address 1645
1646,1384.666674,08-10-2023,Customer 1646,46,Address 1646
1647,8742.259086,09-10-2023,Customer 1647,57,Address 1647
1648,7532.952765,10-10-2023,Customer 1648,21,Address 1648
1649,7708.879304,11-10-2023,Customer 1649,54,Address 1649
1650,9048.37426,12-10-2023,Customer 1650,33,Address 1650
1651,8326.149989,13-10-2023,Customer 1651,58,Address 1651
1652,1671.710028,14-10-2023,Customer 1652,47,Address 1652
1653,7118.115328,15-10-2023,Customer 1653,49,Address 1653
1654,9088.738359,16-10-2023,Customer 1654,51,Address 1654
1655,2152.99219,17-10-2023,Customer 1655,50,Address 1655
1656,5626.572877,18-10-2023,Customer 1656,48,Address 1656
1657,4754.221573,19-10-2023,Customer 1657,58,Address 1657
1658,6506.933648,20-10-2023,Customer 1658,44,Address 1658
1659,6878.779691,21-10-2023,Customer 1659,28,Address 1659
1660,6435.390885,22-10-2023,Customer 1660,34,Address 1660
1661,4915.427164,23-10-2023,Customer 1661,34,Address 1661
1662,4802.032274,24-10-2023,Customer 1662,43,Address 1662
1663,1226.296989,25-10-2023,Customer 1663,22,Address 1663
1664,5882.902905,26-10-2023,Customer 1664,35,Address 1664
1665,5714.503201,27-10-2023,Customer 1665,30,Address 1665
1666,9674.062164,28-10-2023,Customer 1666,36,Address 1666
1667,4096.117607,29-10-2023,Customer 1667,35,Address 1667
1668,7721.503342,30-10-2023,Customer 1668,47,Address 1668
1669,4490.14401,31-10-2023,Customer 1669,44,Address 1669
1670,6219.643947,01-11-2023,Customer 1670,60,Address 1670
1671,3493.845421,02-11-2023,Customer 1671,27,Address 1671
1672,3641.619782,03-11-2023,Customer 1672,53,Address 1672
1673,9911.337339,04-11-2023,Customer 1673,55,Address 1673
1674,6681.244596,05-11-2023,Customer 1674,57,Address 1674
1675,8153.575563,06-11-2023,Customer 1675,22,Address 1675
1676,7624.565427,07-11-2023,Customer 1676,38,Address 1676
1677,7680.59266,08-11-2023,Customer 1677,59,Address 1677
1678,3302.010949,09-11-2023,Customer 1678,33,Address 1678
1679,3796.236041,10-11-2023,Customer 1679,54,Address 1679
1680,1308.381737,11-11-2023,Customer 1680,43,Address 1680
1681,4052.862032,12-11-2023,Customer 1681,47,Address 1681
1682,8191.359573,13-11-2023,Customer 1682,39,Address 1682
1683,8943.379444,14-11-2023,Customer 1683,46,Address 1683
1684,7560.730129,15-11-2023,Customer 1684,43,Address 1684
1685,3046.120485,16-11-2023,Customer 1685,18,Address 1685
1686,1401.272583,17-11-2023,Customer 1686,51,Address 1686
1687,7484.040653,18-11-2023,Customer 1687,28,Address 1687
1688,6237.883816,19-11-2023,Customer 1688,27,Address 1688
1689,7322.098431,20-11-2023,Customer 1689,54,Address 1689
1690,5729.012454,21-11-2023,Customer 1690,24,Address 1690
1691,6089.047769,22-11-2023,Customer 1691,47,Address 1691
1692,9063.868412,23-11-2023,Customer 1692,51,Address 1692
1693,8765.035861,24-11-2023,Customer 1693,27,Address 1693
1694,5628.777106,25-11-2023,Customer 1694,30,Address 1694
1695,8553.037244,26-11-2023,Customer 1695,35,Address 1695
1696,6165.705182,27-11-2023,Customer 1696,22,Address 1696
1697,6865.652981,28-11-2023,Customer 1697,59,Address 1697
1698,7162.922625,29-11-2023,Customer 1698,63,Address 1698
1699,5295.868006,30-11-2023,Customer 1699,23,Address 1699
1700,6735.159471,01-12-2023,Customer 1700,22,Address 1700
1701,7244.499732,02-12-2023,Customer 1701,50,Address 1701
1702,4756.907985,03-12-2023,Customer 1702,32,Address 1702
1703,2943.176512,04-12-2023,Customer 1703,26,Address 1703
1704,1670.49309,05-12-2023,Customer 1704,23,Address 1704
1705,4634.373036,06-12-2023,Customer 1705,39,Address 1705
1706,1678.514968,07-12-2023,Customer 1706,45,Address 1706
1707,8105.233684,08-12-2023,Customer 1707,30,Address 1707
1708,2877.527131,09-12-2023,Customer 1708,30,Address 1708
1709,4061.519364,10-12-2023,Customer 1709,42,Address 1709
1710,8448.988957,11-12-2023,Customer 1710,19,Address 1710
1711,5960.806053,12-12-2023,Customer 1711,20,Address 1711
1712,4878.871298,13-12-2023,Customer 1712,58,Address 1712
1713,6676.135299,14-12-2023,Customer 1713,57,Address 1713
1714,8792.097099,15-12-2023,Customer 1714,36,Address 1714
1715,9103.487494,16-12-2023,Customer 1715,57,Address 1715
1716,5574.851937,17-12-2023,Customer 1716,63,Address 1716
1717,5002.071362,18-12-2023,Customer 1717,51,Address 1717
1718,5936.546596,19-12-2023,Customer 1718,28,Address 1718
1719,5769.425378,20-12-2023,Customer 1719,21,Address 1719
1720,9329.063567,21-12-2023,Customer 1720,26,Address 1720
1721,8735.213522,22-12-2023,Customer 1721,56,Address 1721
1722,2286.281065,23-12-2023,Customer 1722,53,Address 1722
1723,3437.697057,24-12-2023,Customer 1723,22,Address 1723
1724,8830.491513,25-12-2023,Customer 1724,32,Address 1724
1725,4762.006138,26-12-2023,Customer 1725,18,Address 1725
1726,9885.267204,27-12-2023,Customer 1726,23,Address 1726
1727,7941.847202,28-12-2023,Customer 1727,25,Address 1727
1728,5514.931363,29-12-2023,Customer 1728,58,Address 1728
1729,8202.526504,30-12-2023,Customer 1729,29,Address 1729
1730,3967.076794,31-12-2023,Customer 1730,54,Address 1730
1731,5275.945466,01-01-2024,Customer 1731,62,Address 1731
1732,6497.372203,02-01-2024,Customer 1732,42,Address 1732
1733,1362.037375,03-01-2024,Customer 1733,18,Address 1733
1734,1312.03237,04-01-2024,Customer 1734,29,Address 1734
1735,7585.015303,05-01-2024,Customer 1735,32,Address 1735
1736,9279.108538,06-01-2024,Customer 1736,52,Address 1736
1737,5009.04259,07-01-2024,Customer 1737,50,Address 1737
1738,3105.946446,08-01-2024,Customer 1738,55,Address 1738
1739,3264.953505,09-01-2024,Customer 1739,61,Address 1739
1740,1783.739009,10-01-2024,Customer 1740,19,Address 1740
1741,9992.495729,11-01-2024,Customer 1741,33,Address 1741
1742,2946.113859,12-01-2024,Customer 1742,59,Address 1742
1743,6595.920889,13-01-2024,Customer 1743,45,Address 1743
1744,6141.103291,14-01-2024,Customer 1744,27,Address 1744
1745,8987.480031,15-01-2024,Customer 1745,37,Address 1745
1746,3540.668901,16-01-2024,Customer 1746,18,Address 1746
1747,1098.721299,17-01-2024,Customer 1747,44,Address 1747
1748,1787.742772,18-01-2024,Customer 1748,58,Address 1748
1749,3334.187888,19-01-2024,Customer 1749,44,Address 1749
1750,8128.690436,20-01-2024,Customer 1750,36,Address 1750
1751,3532.245916,21-01-2024,Customer 1751,35,Address 1751
1752,6552.420255,22-01-2024,Customer 1752,46,Address 1752
1753,3905.923034,23-01-2024,Customer 1753,52,Address 1753
1754,9991.692201,24-01-2024,Customer 1754,27,Address 1754
1755,2653.251468,25-01-2024,Customer 1755,42,Address 1755
1756,5372.161191,26-01-2024,Customer 1756,34,Address 1756
1757,4061.526714,27-01-2024,Customer 1757,64,Address 1757
1758,2203.57628,28-01-2024,Customer 1758,38,Address 1758
1759,6608.386988,29-01-2024,Customer 1759,33,Address 1759
1760,4920.613699,30-01-2024,Customer 1760,61,Address 1760
1761,2854.186623,31-01-2024,Customer 1761,21,Address 1761
1762,8957.472989,01-02-2024,Customer 1762,19,Address 1762
1763,4630.676675,02-02-2024,Customer 1763,26,Address 1763
1764,7695.154348,03-02-2024,Customer 1764,49,Address 1764
1765,5112.344414,04-02-2024,Customer 1765,29,Address 1765
1766,7076.103788,05-02-2024,Customer 1766,26,Address 1766
1767,1238.122719,06-02-2024,Customer 1767,38,Address 1767
1768,1824.800521,07-02-2024,Customer 1768,35,Address 1768
1769,9517.546957,08-02-2024,Customer 1769,34,Address 1769
1770,6847.490921,09-02-2024,Customer 1770,36,Address 1770
1771,8894.834913,10-02-2024,Customer 1771,35,Address 1771
1772,3260.33833,11-02-2024,Customer 1772,28,Address 1772
1773,1087.073831,12-02-2024,Customer 1773,24,Address 1773
1774,1765.177082,13-02-2024,Customer 1774,59,Address 1774
1775,1770.747189,14-02-2024,Customer 1775,45,Address 1775
1776,3715.769255,15-02-2024,Customer 1776,31,Address 1776
1777,7409.497597,16-02-2024,Customer 1777,54,Address 1777
1778,4103.401763,17-02-2024,Customer 1778,26,Address 1778
1779,5248.6945,18-02-2024,Customer 1779,29,Address 1779
1780,8473.630816,19-02-2024,Customer 1780,48,Address 1780
1781,6886.432879,20-02-2024,Customer 1781,18,Address 1781
1782,7697.466274,21-02-2024,Customer 1782,19,Address 1782
1783,9728.453507,22-02-2024,Customer 1783,31,Address 1783
1784,2496.229081,23-02-2024,Customer 1784,49,Address 1784
1785,1549.51786,24-02-2024,Customer 1785,26,Address 1785
1786,1656.961894,25-02-2024,Customer 1786,50,Address 1786
1787,6709.75911,26-02-2024,Customer 1787,35,Address 1787
1788,4384.800512,27-02-2024,Customer 1788,27,Address 1788
1789,1347.115813,28-02-2024,Customer 1789,53,Address 1789
1790,4030.460396,29-02-2024,Customer 1790,30,Address 1790
1791,8221.168435,01-03-2024,Customer 1791,60,Address 1791
1792,7699.460321,02-03-2024,Customer 1792,28,Address 1792
1793,2561.766452,03-03-2024,Customer 1793,64,Address 1793
1794,8336.538201,04-03-2024,Customer 1794,48,Address 1794
1795,2318.780254,05-03-2024,Customer 1795,51,Address 1795
1796,5588.049942,06-03-2024,Customer 1796,33,Address 1796
1797,2634.266929,07-03-2024,Customer 1797,27,Address 1797
1798,2707.931516,08-03-2024,Customer 1798,43,Address 1798
1799,4309.686015,09-03-2024,Customer 1799,24,Address 1799
1800,6631.372808,10-03-2024,Customer 1800,58,Address 1800
1801,1941.726463,11-03-2024,Customer 1801,27,Address 1801
1802,6791.878056,12-03-2024,Customer 1802,23,Address 1802
1803,4881.685579,13-03-2024,Customer 1803,36,Address 1803
1804,8924.925317,14-03-2024,Customer 1804,24,Address 1804
1805,8785.113333,15-03-2024,Customer 1805,38,Address 1805
1806,7475.015619,16-03-2024,Customer 1806,61,Address 1806
1807,9618.239693,17-03-2024,Customer 1807,59,Address 1807
1808,7507.00576,18-03-2024,Customer 1808,43,Address 1808
1809,3779.59165,19-03-2024,Customer 1809,54,Address 1809
1810,6346.939502,20-03-2024,Customer 1810,57,Address 1810
1811,6695.409585,21-03-2024,Customer 1811,36,Address 1811
1812,2939.537859,22-03-2024,Customer 1812,30,Address 1812
1813,2184.331614,23-03-2024,Customer 1813,29,Address 1813
1814,6484.647812,24-03-2024,Customer 1814,28,Address 1814
1815,3889.48597,25-03-2024,Customer 1815,34,Address 1815
1816,1811.964124,26-03-2024,Customer 1816,49,Address 1816
1817,3402.333161,27-03-2024,Customer 1817,28,Address 1817
1818,5156.340009,28-03-2024,Customer 1818,45,Address 1818
1819,8506.659113,29-03-2024,Customer 1819,46,Address 1819
1820,2166.279337,30-03-2024,Customer 1820,20,Address 1820
1821,9713.657683,31-03-2024,Customer 1821,26,Address 1821
1822,8603.321935,01-04-2024,Customer 1822,44,Address 1822
1823,9342.088221,02-04-2024,Customer 1823,25,Address 1823
1824,1485.679769,03-04-2024,Customer 1824,49,Address 1824
1825,4886.010825,04-04-2024,Customer 1825,54,Address 1825
1826,2757.760105,05-04-2024,Customer 1826,51,Address 1826
1827,4559.447921,06-04-2024,Customer 1827,21,Address 1827
1828,2077.514821,07-04-2024,Customer 1828,62,Address 1828
1829,7606.421434,08-04-2024,Customer 1829,59,Address 1829
1830,9443.195845,09-04-2024,Customer 1830,22,Address 1830
1831,3318.900457,10-04-2024,Customer 1831,31,Address 1831
1832,8825.817319,11-04-2024,Customer 1832,47,Address 1832
1833,7215.5944,12-04-2024,Customer 1833,49,Address 1833
1834,7732.401837,13-04-2024,Customer 1834,41,Address 1834
1835,3400.977724,14-04-2024,Customer 1835,33,Address 1835
1836,4018.773274,15-04-2024,Customer 1836,47,Address 1836
1837,2223.166958,16-04-2024,Customer 1837,29,Address 1837
1838,7748.11015,17-04-2024,Customer 1838,48,Address 1838
1839,5856.062362,18-04-2024,Customer 1839,18,Address 1839
1840,4321.592128,19-04-2024,Customer 1840,36,Address 1840
1841,9319.481714,20-04-2024,Customer 1841,22,Address 1841
1842,3109.529683,21-04-2024,Customer 1842,20,Address 1842
1843,8695.442858,22-04-2024,Customer 1843,33,Address 1843
1844,5040.31876,23-04-2024,Customer 1844,34,Address 1844
1845,9347.479356,24-04-2024,Customer 1845,24,Address 1845
1846,7598.164532,25-04-2024,Customer 1846,52,Address 1846
1847,2018.810533,26-04-2024,Customer 1847,27,Address 1847
1848,2524.244091,27-04-2024,Customer 1848,63,Address 1848
1849,4267.769618,28-04-2024,Customer 1849,43,Address 1849
1850,8849.583194,29-04-2024,Customer 1850,18,Address 1850
1851,3527.228703,30-04-2024,Customer 1851,21,Address 1851
1852,5950.729995,01-05-2024,Customer 1852,21,Address 1852
1853,1767.822691,02-05-2024,Customer 1853,30,Address 1853
1854,9960.172528,03-05-2024,Customer 1854,57,Address 1854
1855,3104.726106,04-05-2024,Customer 1855,56,Address 1855
1856,4462.314919,05-05-2024,Customer 1856,49,Address 1856
1857,2793.950588,06-05-2024,Customer 1857,46,Address 1857
1858,6771.302843,07-05-2024,Customer 1858,27,Address 1858
1859,1009.248716,08-05-2024,Customer 1859,33,Address 1859
1860,2424.450317,09-05-2024,Customer 1860,21,Address 1860
1861,5913.214436,10-05-2024,Customer 1861,55,Address 1861
1862,6507.032237,11-05-2024,Customer 1862,35,Address 1862
1863,6592.283781,12-05-2024,Customer 1863,47,Address 1863
1864,2546.725196,13-05-2024,Customer 1864,50,Address 1864
1865,4468.344079,14-05-2024,Customer 1865,45,Address 1865
1866,9510.171444,15-05-2024,Customer 1866,35,Address 1866
1867,8365.476434,16-05-2024,Customer 1867,58,Address 1867
1868,4261.798139,17-05-2024,Customer 1868,56,Address 1868
1869,7954.738628,18-05-2024,Customer 1869,55,Address 1869
1870,6570.974006,19-05-2024,Customer 1870,19,Address 1870
1871,3156.517472,20-05-2024,Customer 1871,51,Address 1871
1872,6953.938844,21-05-2024,Customer 1872,27,Address 1872
1873,4025.340053,22-05-2024,Customer 1873,31,Address 1873
1874,5495.245159,23-05-2024,Customer 1874,51,Address 1874
1875,6852.231768,24-05-2024,Customer 1875,56,Address 1875
1876,8278.713188,25-05-2024,Customer 1876,31,Address 1876
1877,1848.98564,26-05-2024,Customer 1877,43,Address 1877
1878,8880.058677,27-05-2024,Customer 1878,55,Address 1878
1879,3097.479303,28-05-2024,Customer 1879,50,Address 1879
1880,2465.931055,29-05-2024,Customer 1880,60,Address 1880
1881,9138.407318,30-05-2024,Customer 1881,34,Address 1881
1882,3608.806986,31-05-2024,Customer 1882,36,Address 1882
1883,5489.253666,01-06-2024,Customer 1883,58,Address 1883
1884,6010.648922,02-06-2024,Customer 1884,55,Address 1884
1885,2509.391536,03-06-2024,Customer 1885,19,Address 1885
1886,9467.312251,04-06-2024,Customer 1886,37,Address 1886
1887,3976.339147,05-06-2024,Customer 1887,40,Address 1887
1888,4391.732078,06-06-2024,Customer 1888,40,Address 1888
1889,7999.392891,07-06-2024,Customer 1889,20,Address 1889
1890,7585.886198,08-06-2024,Customer 1890,24,Address 1890
1891,4322.597495,09-06-2024,Customer 1891,33,Address 1891
1892,5096.276615,10-06-2024,Customer 1892,59,Address 1892
1893,9608.404562,11-06-2024,Customer 1893,45,Address 1893
1894,9728.588504,12-06-2024,Customer 1894,26,Address 1894
1895,4643.654268,13-06-2024,Customer 1895,20,Address 1895
1896,6254.476404,14-06-2024,Customer 1896,57,Address 1896
1897,2518.738874,15-06-2024,Customer 1897,27,Address 1897
1898,1373.376304,16-06-2024,Customer 1898,38,Address 1898
1899,6060.940447,17-06-2024,Customer 1899,46,Address 1899
1900,2141.31187,18-06-2024,Customer 1900,60,Address 1900
1901,1828.702205,19-06-2024,Customer 1901,57,Address 1901
1902,6370.257414,20-06-2024,Customer 1902,35,Address 1902
1903,4718.536567,21-06-2024,Customer 1903,18,Address 1903
1904,4839.488862,22-06-2024,Customer 1904,36,Address 1904
1905,3055.413021,23-06-2024,Customer 1905,20,Address 1905
1906,8161.50984,24-06-2024,Customer 1906,47,Address 1906
1907,9534.097785,25-06-2024,Customer 1907,35,Address 1907
1908,6721.217429,26-06-2024,Customer 1908,59,Address 1908
1909,2354.15646,27-06-2024,Customer 1909,64,Address 1909
1910,9216.246545,28-06-2024,Customer 1910,18,Address 1910
1911,9836.38446,29-06-2024,Customer 1911,49,Address 1911
1912,9262.12494,30-06-2024,Customer 1912,45,Address 1912
1913,3534.188874,01-07-2024,Customer 1913,57,Address 1913
1914,6131.253863,02-07-2024,Customer 1914,18,Address 1914
1915,2720.807397,03-07-2024,Customer 1915,56,Address 1915
1916,3588.90387,04-07-2024,Customer 1916,64,Address 1916
1917,7381.246492,05-07-2024,Customer 1917,37,Address 1917
1918,2086.907953,06-07-2024,Customer 1918,63,Address 1918
1919,6776.754877,07-07-2024,Customer 1919,59,Address 1919
1920,3434.612875,08-07-2024,Customer 1920,33,Address 1920
1921,1097.423046,09-07-2024,Customer 1921,44,Address 1921
1922,5101.105372,10-07-2024,Customer 1922,46,Address 1922
1923,3340.637586,11-07-2024,Customer 1923,41,Address 1923
1924,2652.931615,12-07-2024,Customer 1924,60,Address 1924
1925,7080.222039,13-07-2024,Customer 1925,21,Address 1925
1926,1153.123295,14-07-2024,Customer 1926,62,Address 1926
1927,9151.596944,15-07-2024,Customer 1927,44,Address 1927
1928,9352.655675,16-07-2024,Customer 1928,60,Address 1928
1929,9589.74487,17-07-2024,Customer 1929,38,Address 1929
1930,1111.772167,18-07-2024,Customer 1930,61,Address 1930
1931,6474.825825,19-07-2024,Customer 1931,26,Address 1931
1932,3443.913149,20-07-2024,Customer 1932,22,Address 1932
1933,9890.045278,21-07-2024,Customer 1933,36,Address 1933
1934,1662.330384,22-07-2024,Customer 1934,56,Address 1934
1935,4805.277796,23-07-2024,Customer 1935,35,Address 1935
1936,3399.164505,24-07-2024,Customer 1936,62,Address 1936
1937,5741.223579,25-07-2024,Customer 1937,27,Address 1937
1938,3750.857519,26-07-2024,Customer 1938,35,Address 1938
1939,3596.709149,27-07-2024,Customer 1939,53,Address 1939
1940,6383.377145,28-07-2024,Customer 1940,29,Address 1940
1941,7767.029766,29-07-2024,Customer 1941,63,Address 1941
1942,9839.150446,30-07-2024,Customer 1942,51,Address 1942
1943,1418.305006,31-07-2024,Customer 1943,26,Address 1943
1944,2462.046546,01-08-2024,Customer 1944,51,Address 1944
1945,1140.763081,02-08-2024,Customer 1945,55,Address 1945
1946,7324.785332,03-08-2024,Customer 1946,18,Address 1946
1947,5158.860497,04-08-2024,Customer 1947,22,Address 1947
1948,8613.931786,05-08-2024,Customer 1948,26,Address 1948
1949,6353.598236,06-08-2024,Customer 1949,53,Address 1949
1950,2394.859954,07-08-2024,Customer 1950,48,Address 1950
1951,6303.22948,08-08-2024,Customer 1951,18,Address 1951
1952,2869.689912,09-08-2024,Customer 1952,50,Address 1952
1953,5323.113544,10-08-2024,Customer 1953,18,Address 1953
1954,1418.001228,11-08-2024,Customer 1954,46,Address 1954
1955,9288.355525,12-08-2024,Customer 1955,34,Address 1955
1956,6815.515177,13-08-2024,Customer 1956,28,Address 1956
1957,1547.054576,14-08-2024,Customer 1957,57,Address 1957
1958,8961.011692,15-08-2024,Customer 1958,57,Address 1958
1959,6594.641308,16-08-2024,Customer 1959,44,Address 1959
1960,9934.498597,17-08-2024,Customer 1960,34,Address 1960
1961,3454.648531,18-08-2024,Customer 1961,47,Address 1961
1962,7989.117483,19-08-2024,Customer 1962,39,Address 1962
1963,4405.675537,20-08-2024,Customer 1963,37,Address 1963
1964,7667.089721,21-08-2024,Customer 1964,54,Address 1964
1965,2295.865935,22-08-2024,Customer 1965,44,Address 1965
1966,8410.06972,23-08-2024,Customer 1966,25,Address 1966
1967,1188.952992,24-08-2024,Customer 1967,21,Address 1967
1968,8884.809637,25-08-2024,Customer 1968,60,Address 1968
1969,7004.948613,26-08-2024,Customer 1969,43,Address 1969
1970,8379.706165,27-08-2024,Customer 1970,22,Address 1970
1971,7251.703804,28-08-2024,Customer 1971,55,Address 1971
1972,6552.817253,29-08-2024,Customer 1972,39,Address 1972
1973,9772.83232,30-08-2024,Customer 1973,29,Address 1973
1974,9992.545554,31-08-2024,Customer 1974,54,Address 1974
1975,8710.760047,01-09-2024,Customer 1975,51,Address 1975
1976,2417.248389,02-09-2024,Customer 1976,54,Address 1976
1977,3066.436107,03-09-2024,Customer 1977,40,Address 1977
1978,7710.801195,04-09-2024,Customer 1978,51,Address 1978
1979,8722.686489,05-09-2024,Customer 1979,20,Address 1979
1980,7509.571038,06-09-2024,Customer 1980,44,Address 1980
1981,2711.23292,07-09-2024,Customer 1981,48,Address 1981
1982,4575.522471,08-09-2024,Customer 1982,46,Address 1982
1983,4754.880202,09-09-2024,Customer 1983,42,Address 1983
1984,1662.532184,10-09-2024,Customer 1984,34,Address 1984
1985,3816.962495,11-09-2024,Customer 1985,47,Address 1985
1986,6658.952162,12-09-2024,Customer 1986,51,Address 1986
1987,9957.425481,13-09-2024,Customer 1987,30,Address 1987
1988,2419.121144,14-09-2024,Customer 1988,25,Address 1988
1989,3448.958441,15-09-2024,Customer 1989,18,Address 1989
1990,7417.757201,16-09-2024,Customer 1990,63,Address 1990
1991,3272.30647,17-09-2024,Customer 1991,61,Address 1991
1992,4053.590461,18-09-2024,Customer 1992,55,Address 1992
1993,8330.438296,19-09-2024,Customer 1993,60,Address 1993
1994,8791.304689,20-09-2024,Customer 1994,63,Address 1994
1995,2240.517799,21-09-2024,Customer 1995,38,Address 1995
1996,8523.485163,22-09-2024,Customer 1996,33,Address 1996
1997,9255.451757,23-09-2024,Customer 1997,58,Address 1997
1998,9148.652759,24-09-2024,Customer 1998,25,Address 1998
1999,7376.854107,25-09-2024,Customer 1999,57,Address 1999
2000,4853.02438,26-09-2024,Customer 2000,42,Address 2000
